Age ,"Sex (M ,F)",City,R/ L Handed,W (kg),Stature (cm),Sitting height (mm) ,Back of head height (mm),"Ear height, sitting (mm)","Eye height, sitting (mm)",Height of prominent neck vertebra (mm),"Shoulder height, sitting (mm)",Chest depth (mm),Lower abdominal depth (mm),"Waist height ,sitting (mm)","Hip breadth, sitting (mm)","Underside of elbow height to seat, sitting (mm)",Back of elbow to wrist crease (mm),Shoulder breadth (mm),Index finger height (mm),Middle finger height (mm),Hand breadth (mm),Circumference of hand (mm),Circumference of wrist (mm)
0.5,M,Amman,-,8.00,69.00,365.00,304.20,248.50,257.00,200.00,170.00,58.00,75.00,120.00,198.00,117.00,118.00,268.00,72.00,75.00,50.00,37.00,32.00
0.5,M,Amman,-,7.20,68.00,366.00,302.00,245.00,255.00,200.00,171.00,58.00,76.00,121.00,200.00,116.00,118.00,268.00,73.00,73.00,50.00,37.00,32.00
0.5,M,Amman,-,7.50,68.00,365.00,304.00,244.00,257.00,201.00,170.00,59.00,75.00,119.00,200.00,117.00,117.00,269.00,72.00,74.00,48.00,36.00,29.00
0.5,M,Amman,-,8.00,69.00,367.00,305.00,245.00,254.00,200.00,169.00,58.00,72.00,121.00,199.00,117.00,119.00,268.00,69.00,75.00,50.00,36.00,31.00
0.5,M,Amman,-,7.60,69.00,368.00,302.00,248.00,254.00,202.00,169.00,60.00,73.00,121.00,200.00,116.00,118.00,268.00,71.00,75.00,51.00,37.00,31.00
0.5,F,Amman,-,6.70,65.00,345.00,284.20,228.50,237.70,199.00,169.00,56.00,70.00,115.00,200.00,115.00,117.00,263.00,69.00,70.00,49.00,35.00,29.00
0.5,F,Amman,-,7.00,60.00,343.00,288.00,230.00,237.00,198.00,167.00,55.00,71.00,117.00,199.00,114.00,116.00,265.00,68.00,72.00,49.00,36.00,30.00
0.5,F,Amman,-,7.20,62.00,344.00,290.00,231.00,236.00,200.00,167.00,56.00,70.00,118.00,197.00,113.00,116.00,260.00,68.00,71.00,48.00,37.00,31.00
0.5,F,Amman,-,7.00,63.00,350.00,288.00,232.00,240.00,198.00,168.00,55.00,70.00,114.00,199.00,114.00,117.00,263.00,70.00,72.00,49.00,36.00,30.00
0.5,F,Amman,-,6.60,62.00,351.00,290.00,228.00,245.00,199.00,170.00,56.00,72.00,115.00,200.00,114.00,117.00,262.00,71.00,72.00,50.00,35.00,30.00
0.583333333,M,Amman,-,10.00,70.00,381.00,319.50,264.00,274.00,226.00,197.00,75.00,75.00,131.00,222.00,117.00,131.00,281.00,77.00,80.00,57.00,38.00,35.00
0.583333333,M,Amman,-,9.50,72.00,380.00,320.00,264.00,276.00,225.00,196.00,70.00,76.00,130.00,221.00,119.00,131.00,277.00,75.00,81.00,57.00,37.00,35.00
0.583333333,M,Amman,-,9.00,72.00,381.00,320.00,262.00,274.00,227.00,192.00,69.00,75.00,128.00,223.00,119.00,135.00,278.00,75.00,80.00,56.00,36.00,35.00
0.583333333,M,Amman,-,9.00,71.00,380.00,319.00,263.00,273.00,228.00,197.00,68.00,74.00,127.00,222.00,118.00,132.00,274.00,74.00,79.00,55.00,38.00,36.00
0.583333333,M,Amman,-,9.50,71.00,380.00,320.00,263.00,272.00,225.00,193.00,69.00,75.00,131.00,221.00,119.00,131.00,280.00,76.00,80.00,55.00,37.00,34.00
0.583333333,F,Amman,-,7.60,68.50,380.00,319.00,263.00,273.00,221.00,191.00,60.00,71.00,119.00,219.00,119.00,119.00,268.00,75.00,79.00,53.00,36.00,33.00
0.583333333,F,Amman,-,8.00,69.00,381.00,318.00,262.00,272.00,220.00,192.00,61.00,72.00,119.00,218.00,118.00,120.00,269.00,74.00,78.00,52.00,36.00,33.00
0.583333333,F,Amman,-,8.10,69.00,378.00,318.00,261.00,273.00,222.00,191.00,59.00,74.00,118.00,220.00,117.00,119.00,271.00,74.00,78.00,52.00,37.00,32.00
0.583333333,F,Amman,-,8.20,69.50,378.00,319.00,263.00,274.00,220.00,192.00,62.00,72.00,119.00,219.00,116.00,119.00,269.00,75.00,77.00,52.00,37.00,32.00
0.583333333,F,Amman,-,7.80,69.00,380.00,318.00,263.00,270.00,221.00,192.00,62.00,71.00,121.00,220.00,118.00,120.00,268.00,74.00,78.00,53.00,37.00,35.00
0.666666667,M,Amman,-,9.00,71.00,372.00,315.00,259.00,270.00,220.00,194.00,82.00,86.00,126.00,226.00,125.00,137.00,285.00,83.00,90.00,57.00,40.00,36.00
0.666666667,M,Amman,-,9.80,73.00,379.00,320.00,262.00,272.00,226.00,194.00,80.00,85.00,130.00,226.00,126.00,135.00,280.00,80.00,85.00,56.00,39.00,36.00
0.666666667,M,Amman,-,10.00,72.00,377.00,316.00,262.00,272.00,225.00,197.00,82.00,85.00,131.00,225.00,122.00,135.00,285.00,81.00,87.00,56.00,38.00,35.00
0.666666667,M,Amman,-,9.50,71.00,380.00,320.00,260.00,276.00,226.00,196.00,81.00,86.00,130.00,226.00,125.00,135.00,283.00,82.00,87.00,56.00,40.00,35.00
0.666666667,M,Amman,-,9.50,71.00,380.00,320.00,262.00,274.00,226.00,196.00,80.00,85.00,130.00,226.00,125.00,135.00,283.00,83.00,87.00,57.00,40.00,35.00
0.666666667,F,Amman,-,8.30,71.00,375.00,314.00,259.00,270.00,218.00,190.00,81.00,80.00,120.00,218.00,123.00,132.00,277.00,75.00,80.00,52.00,38.00,37.00
0.666666667,F,Amman,-,8.50,72.00,377.00,316.00,260.00,272.00,220.00,192.00,79.00,82.00,121.00,220.00,122.00,130.00,275.00,76.00,81.00,52.00,39.00,36.00
0.666666667,F,Amman,-,8.50,71.00,378.00,319.00,261.00,272.00,222.00,192.00,78.00,82.00,121.00,221.00,123.00,132.00,276.00,76.00,80.00,53.00,39.00,35.00
0.666666667,F,Amman,-,8.60,71.00,378.00,318.00,259.00,274.00,225.00,194.00,80.00,82.00,122.00,220.00,124.00,130.00,277.00,76.00,80.00,51.00,38.00,35.00
0.666666667,F,Amman,-,8.80,71.00,380.00,318.00,259.00,274.00,219.00,194.00,78.00,82.00,124.00,221.00,123.00,130.00,275.00,75.00,79.00,52.00,39.00,35.00
0.75,M,Amman,-,9.10,71.00,377.00,315.00,260.00,271.00,220.00,194.00,81.00,90.00,130.00,226.00,125.00,143.00,285.00,83.00,90.00,60.00,40.00,36.00
0.75,M,Amman,-,9.00,73.00,379.00,318.00,262.00,272.00,226.00,194.00,80.00,85.00,130.00,226.00,126.00,135.00,278.00,82.00,90.00,59.00,41.00,36.00
0.75,M,Amman,-,8.70,72.00,377.00,316.00,262.00,272.00,225.00,196.00,82.00,85.00,131.00,224.00,122.00,140.00,285.00,85.00,95.00,56.00,41.00,39.00
0.75,M,Amman,-,9.50,73.00,380.00,319.00,263.00,277.00,225.00,196.00,81.00,86.00,132.00,226.00,123.00,135.00,283.00,85.00,90.00,59.00,40.00,40.00
0.75,M,Amman,-,9.50,71.00,381.00,320.00,262.00,274.00,223.00,195.00,81.00,90.00,130.00,224.00,125.00,143.00,287.00,83.00,92.00,57.00,42.00,40.00
0.75,F,Amman,-,8.50,71.00,375.00,314.00,262.00,270.00,218.00,194.00,79.00,80.00,127.00,212.00,123.00,132.00,277.00,75.00,81.00,53.00,40.00,37.00
0.75,F,Amman,-,8.50,72.00,377.00,319.00,260.00,269.00,220.00,192.00,79.00,82.00,121.00,220.00,122.00,134.00,279.00,77.00,81.00,53.00,39.00,36.00
0.75,F,Amman,-,8.70,70.00,379.00,319.00,261.00,272.00,212.00,193.00,78.00,83.00,126.00,221.00,123.00,132.00,276.00,76.00,80.00,53.00,39.00,38.00
0.75,F,Amman,-,9.00,73.00,378.00,316.00,261.00,273.00,223.00,194.00,80.00,82.00,122.00,220.00,122.00,134.00,277.00,76.00,80.00,51.00,40.00,38.00
0.75,F,Amman,-,8.50,71.00,381.00,319.00,259.00,274.00,219.00,194.00,77.00,83.00,124.00,221.00,123.00,130.00,279.00,75.00,81.00,52.00,39.00,38.00
0.833333333,M,Amman,-,9.50,72.00,377.00,315.00,260.00,271.00,220.00,194.00,81.00,90.00,138.00,226.00,125.00,143.00,285.00,81.00,91.00,59.00,40.00,41.00
0.833333333,M,Amman,-,9.50,73.00,379.00,318.00,262.00,272.00,220.00,194.00,80.00,96.00,138.00,226.00,126.00,138.00,285.00,82.00,91.00,59.00,40.00,41.00
0.833333333,M,Amman,-,9.70,72.00,377.00,316.00,262.00,272.00,225.00,194.00,80.00,96.00,135.00,230.00,127.00,140.00,285.00,85.00,95.00,59.00,41.00,39.00
0.833333333,M,Amman,-,9.40,73.00,379.00,319.00,260.00,274.00,221.00,196.00,81.00,96.00,132.00,226.00,126.00,138.00,290.00,85.00,90.00,59.00,40.00,40.00
0.833333333,M,Amman,-,9.40,72.00,379.00,316.00,260.00,270.00,223.00,195.00,80.00,90.00,134.00,233.00,125.00,143.00,288.00,81.00,92.00,57.00,41.00,40.00
0.833333333,F,Amman,-,8.90,72.00,375.00,314.00,259.00,270.00,218.00,192.00,79.00,88.00,127.00,226.00,123.00,136.00,284.00,78.00,81.00,55.00,40.00,39.00
0.833333333,F,Amman,-,9.00,72.00,375.00,316.00,260.00,269.00,220.00,192.00,80.00,82.00,135.00,225.00,125.00,134.00,282.00,77.00,81.00,53.00,40.00,39.00
0.833333333,F,Amman,-,9.00,71.00,379.00,316.00,261.00,272.00,212.00,193.00,80.00,83.00,126.00,221.00,123.00,132.00,280.00,76.00,85.00,53.00,41.00,38.00
0.833333333,F,Amman,-,9.00,73.00,378.00,316.00,259.00,268.00,215.00,192.00,80.00,82.00,135.00,225.00,124.00,134.00,277.00,76.00,85.00,55.00,40.00,38.00
0.833333333,F,Amman,-,8.80,71.00,376.00,319.00,259.00,268.00,216.00,192.00,77.00,88.00,135.00,221.00,123.00,136.00,280.00,78.00,84.00,52.00,39.00,40.00
0.916666667,M,Amman,-,10.00,74.00,390.00,329.00,370.00,385.00,225.00,196.00,81.00,110.00,160.00,235.00,127.00,136.00,290.00,81.00,89.00,55.00,42.00,41.00
0.916666667,M,Amman,-,9.50,73.00,385.00,318.00,370.00,280.00,220.00,198.00,80.00,106.00,156.00,238.00,126.00,138.00,290.00,82.00,91.00,59.00,40.00,41.00
0.916666667,M,Amman,-,9.40,74.00,390.00,328.00,374.00,282.00,225.00,194.00,80.00,105.00,150.00,235.00,127.00,140.00,285.00,81.00,90.00,59.00,41.00,42.00
0.916666667,M,Amman,-,10.20,73.00,390.00,319.00,370.00,280.00,225.00,196.00,81.00,104.00,155.00,238.00,126.00,138.00,290.00,83.00,90.00,60.00,40.00,40.00
0.916666667,M,Amman,-,10.20,74.00,388.00,329.00,374.00,282.00,223.00,198.00,81.00,105.00,154.00,232.00,127.00,143.00,288.00,81.00,92.00,60.00,41.00,39.00
0.916666667,F,Amman,-,9.80,74.00,390.00,326.00,366.00,280.00,222.00,196.00,80.00,106.00,145.00,230.00,126.00,136.00,286.00,78.00,82.00,55.00,40.00,39.00
0.916666667,F,Amman,-,10.00,72.00,385.00,326.00,366.00,280.00,220.00,192.00,80.00,102.00,145.00,230.00,125.00,134.00,282.00,77.00,86.00,57.00,41.00,39.00
0.916666667,F,Amman,-,9.70,73.00,388.00,325.00,368.00,284.00,220.00,193.00,81.00,102.00,150.00,235.00,126.00,137.00,280.00,79.00,85.00,53.00,41.00,40.00
0.916666667,F,Amman,-,9.80,73.00,388.00,325.00,370.00,281.00,221.00,196.00,80.00,105.00,145.00,232.00,124.00,138.00,286.00,79.00,85.00,55.00,40.00,40.00
0.916666667,F,Amman,-,10.00,73.00,388.00,319.00,370.00,282.00,225.00,192.00,81.00,104.00,154.00,232.00,123.00,136.00,286.00,78.00,87.00,57.00,39.00,40.00
1,M,Amman,-,10.00,74.00,415.00,350.00,400.00,310.00,248.00,218.00,81.00,116.00,155.00,237.00,128.00,142.00,288.00,84.00,92.00,59.00,42.00,41.00
1,M,Amman,-,10.50,79.00,410.00,345.00,390.00,302.00,235.00,198.00,84.00,120.00,156.00,238.00,126.00,142.00,292.00,82.00,91.00,59.00,40.00,42.00
1,M,Amman,-,10.70,74.00,415.00,345.00,395.00,305.00,244.00,220.00,84.00,105.00,155.00,235.00,127.00,140.00,292.00,83.00,90.00,59.00,42.00,42.00
1,M,Amman,-,10.30,79.00,415.00,355.00,395.00,310.00,239.00,220.00,81.00,120.00,155.00,238.00,126.00,138.00,290.00,83.00,90.00,60.00,40.00,40.00
1,M,Amman,-,10.20,78.00,415.00,350.00,390.00,310.00,247.00,198.00,84.00,115.00,154.00,238.00,130.00,143.00,288.00,84.00,94.00,62.00,43.00,42.00
1,F,Amman,-,10.00,74.00,399.00,335.00,385.00,290.00,235.00,200.00,82.00,110.00,152.00,136.00,121.00,139.00,282.00,81.00,90.00,55.00,41.00,41.00
1,F,Amman,-,10.10,77.00,406.00,345.00,388.00,300.00,235.00,208.00,80.00,120.00,145.00,230.00,125.00,139.00,282.00,81.00,86.00,57.00,41.00,41.00
1,F,Amman,-,10.20,73.00,405.00,335.00,390.00,295.00,230.00,205.00,81.00,115.00,150.00,235.00,126.00,137.00,280.00,79.00,90.00,58.00,41.00,40.00
1,F,Amman,-,10.40,77.00,402.00,330.00,380.00,295.00,239.00,200.00,80.00,118.00,145.00,232.00,124.00,138.00,286.00,79.00,90.00,58.00,40.00,40.00
1,F,Amman,-,10.00,77.00,406.00,345.00,380.00,290.00,225.00,210.00,81.00,110.00,150.00,232.00,123.00,136.00,285.00,81.00,87.00,57.00,40.00,40.00
1.1,M,Amman,-,10.10,71.00,375.00,314.20,258.00,267.40,210.00,180.30,85.00,115.00,135.00,238.00,125.00,138.00,287.00,86.00,95.00,60.00,45.00,42.00
1.1,M,Amman,-,10.10,71.00,375.00,314.20,258.00,267.40,210.00,180.30,85.00,115.00,135.00,238.00,125.00,138.00,287.00,86.00,95.00,60.00,45.00,42.00
1.1,M,Amman,-,11.10,75.00,395.00,334.00,278.30,289.50,231.00,205.00,88.00,120.00,179.00,240.00,128.00,145.00,285.00,84.00,92.00,59.00,41.00,41.00
1.11,M,Amman,-,13.90,90.00,470.00,409.20,353.50,365.00,308.00,276.00,113.00,181.00,215.00,285.00,144.00,170.00,390.00,105.00,110.00,78.00,67.00,62.00
1.11,M,Amman,-,12.20,81.00,428.50,368.30,312.60,323.00,263.80,233.80,111.00,160.00,205.00,270.00,138.00,153.00,265.00,95.00,105.00,72.00,65.00,53.00
1.2,M,Amman,-,11.30,78.00,410.00,349.00,293.30,307.00,245.00,215.90,89.00,130.00,169.00,244.00,131.00,143.00,291.00,90.00,99.00,62.00,47.00,43.00
1.2,M,Amman,-,11.30,78.00,410.00,349.00,293.30,307.00,245.00,215.90,89.00,130.00,169.00,244.00,131.00,143.00,291.00,90.00,99.00,62.00,47.00,43.00
1.2,M,Amman,-,11.10,77.00,405.00,344.00,288.30,300.00,240.50,212.00,84.00,126.00,185.00,235.00,130.00,140.00,290.00,87.00,97.00,60.00,43.00,42.00
1.2,F,Amman,-,9.40,75.00,396.00,335.20,279.50,288.00,230.00,201.00,79.00,115.00,155.00,236.00,128.00,139.00,289.00,85.00,90.00,58.00,43.00,41.00
1.2,F,Amman,-,9.40,75.00,396.00,335.20,279.50,288.00,230.00,201.00,79.00,115.00,155.00,236.00,128.00,139.00,289.00,85.00,90.00,58.00,43.00,41.00
1.3,M,Amman,-,10.20,79.00,397.00,336.50,280.30,290.00,235.00,206.00,83.00,113.00,165.00,238.00,129.00,142.00,290.00,90.00,95.00,59.00,51.00,42.00
1.3,M,Amman,-,10.60,80.00,420.00,359.10,303.40,314.20,254.80,224.50,85.00,119.00,170.00,235.00,129.00,144.00,287.00,89.00,101.00,62.00,45.00,43.00
1.3,F,Amman,-,9.90,77.50,407.50,346.80,291.10,304.00,243.00,213.40,82.00,110.00,150.00,229.00,124.00,140.00,290.00,80.00,94.00,59.00,44.00,40.00
1.3,F,Amman,-,9.90,77.50,407.50,346.80,291.10,304.00,243.00,213.40,82.00,110.00,150.00,229.00,124.00,140.00,290.00,80.00,94.00,59.00,44.00,40.00
1.4,M,Amman,-,10.20,83.50,437.50,376.70,321.00,335.00,298.00,269.00,83.00,120.00,190.00,236.00,127.00,142.00,328.00,87.00,95.00,62.00,45.00,43.00
1.4,F,Amman,-,10.90,77.00,405.00,344.30,288.60,301.00,241.00,211.50,90.00,120.00,170.00,243.00,131.00,150.00,335.00,90.00,100.00,60.00,45.00,40.00
1.4,F,Amman,-,11.00,80.30,421.50,360.70,305.00,316.00,266.00,236.00,95.00,125.00,175.00,253.00,143.00,155.00,340.00,85.00,95.00,65.00,52.00,55.00
1.5,M,Amman,-,10.90,81.50,427.50,366.70,311.00,322.50,267.50,238.80,109.00,150.00,198.00,236.00,130.00,145.00,313.00,89.00,98.00,60.00,53.00,40.00
1.5,M,Amman,-,10.90,81.50,427.50,366.70,311.00,322.50,267.50,238.80,109.00,150.00,198.00,236.00,130.00,145.00,313.00,89.00,98.00,60.00,53.00,40.00
1.5,M,Amman,-,11.00,82.00,430.00,400.00,344.30,358.00,305.50,275.50,110.00,155.00,198.00,263.00,136.00,150.00,345.00,95.00,100.00,63.00,64.00,56.00
1.5,F,Amman,-,9.90,80.50,422.50,361.00,305.30,316.90,267.50,237.00,101.00,130.00,195.00,230.00,133.00,144.00,320.00,90.00,99.00,60.00,58.00,46.00
1.5,F,Amman,-,9.90,80.50,422.50,361.00,305.30,316.90,267.50,237.00,101.00,130.00,195.00,230.00,133.00,144.00,320.00,90.00,99.00,60.00,58.00,46.00
1.5,F,Amman,-,10.30,78.00,410.00,349.00,293.30,306.00,243.00,214.00,90.00,123.00,210.00,230.00,130.00,140.00,305.00,98.00,100.00,60.00,59.00,50.00
1.6,F,Amman,-,10.90,76.00,400.00,340.50,284.80,297.50,235.00,207.00,105.00,126.00,185.00,245.00,135.00,144.00,306.00,92.00,98.00,60.00,53.00,50.00
1.6,F,Amman,-,10.90,76.00,400.00,340.50,284.80,297.50,235.00,207.00,105.00,126.00,185.00,245.00,135.00,144.00,306.00,92.00,98.00,60.00,53.00,50.00
1.6,F,Amman,-,11.50,77.00,405.00,344.00,288.30,301.00,240.00,210.10,110.00,135.00,190.00,240.00,130.00,135.00,315.00,87.00,90.00,63.00,57.00,52.00
1.7,M,Amman,-,11.90,79.00,415.00,355.00,299.30,309.00,246.00,216.30,100.00,140.00,199.00,245.00,136.00,140.00,349.00,87.00,94.00,60.00,50.00,49.00
1.7,M,Amman,-,12.30,76.00,400.00,399.60,343.90,354.00,298.00,268.00,103.00,150.00,200.00,270.00,141.00,150.00,370.00,92.00,100.00,70.00,59.00,44.00
1.8,M,Amman,-,12.50,81.50,427.50,366.70,311.50,321.50,266.60,236.60,111.00,150.00,185.00,265.00,130.00,150.00,300.00,90.00,100.00,71.00,54.00,50.00
1.8,F,Amman,-,12.10,85.00,445.00,384.00,328.30,340.00,285.00,256.00,90.00,149.00,205.00,259.00,137.00,158.00,350.00,96.00,101.00,75.00,59.00,54.00
1.8,F,Amman,-,12.00,82.00,430.00,396.20,340.50,350.00,296.00,267.00,91.00,160.00,187.00,268.00,139.00,143.00,340.00,93.00,100.00,71.00,53.00,50.00
1.9,M,Amman,-,13.50,84.00,440.00,380.00,324.30,335.50,300.00,270.00,112.00,176.00,200.00,265.00,143.00,160.00,374.00,97.00,102.00,72.00,56.00,53.00
1.9,F,Amman,-,13.00,80.00,420.00,359.00,303.30,312.50,256.00,226.40,112.00,171.00,209.00,280.00,142.00,160.00,380.00,98.00,108.00,77.00,65.00,60.00
1.9,F,Amman,-,13.00,80.00,420.00,359.00,303.30,312.50,256.00,226.40,112.00,171.00,209.00,280.00,142.00,160.00,380.00,98.00,108.00,77.00,65.00,60.00
2,M,Amman,-,11.00,97.00,555.00,455.00,430.00,450.00,430.00,390.00,115.00,187.00,120.00,172.00,100.00,153.00,322.00,100.00,110.00,63.00,60.00,55.00
2,M,Amman,-,11.50,81.50,480.00,415.00,405.00,415.00,400.00,365.00,80.00,145.00,99.00,156.00,75.00,147.00,306.00,85.00,90.00,50.00,45.00,41.00
2,F,Amman,-,12.00,91.00,498.00,390.00,370.00,390.00,365.00,342.00,102.00,176.00,114.00,170.00,85.00,150.00,320.00,87.00,98.00,49.00,42.00,42.00
2,F,Amman,-,10.00,79.00,495.00,388.00,363.00,385.00,340.00,322.00,100.00,166.00,110.00,166.00,79.00,145.00,316.00,88.00,105.00,53.00,49.00,45.00
2,F,Amman,-,13.50,86.70,500.00,400.00,385.00,409.00,387.00,379.00,110.00,180.00,135.00,149.00,88.00,140.00,299.00,92.00,100.00,57.00,50.00,48.00
2,F,Amman,-,13.50,86.70,500.00,400.00,385.00,409.00,387.00,379.00,110.00,180.00,135.00,149.00,88.00,140.00,299.00,92.00,100.00,57.00,50.00,48.00
2,F,,,13.00,87.00,625.00,470.00,460.00,438.00,460.00,330.00,120.00,210.00,150.00,230.00,420.00,130.00,155.00,310.00,260.00,102.00,111.00,335.00
2.1,F,Amman,,12.70,87.00,530.00,420.00,400.00,416.00,400.00,355.00,107.00,197.00,140.00,177.00,419.00,101.00,150.00,-,315.00,89.00,107.00,332.00
2.1,F,Amman,,12.70,87.00,530.00,420.00,400.00,416.00,400.00,355.00,107.00,197.00,140.00,177.00,419.00,101.00,150.00,-,315.00,89.00,107.00,332.00
2.3,F,Amman,-,11.00,75.00,525.00,414.00,409.00,414.00,395.00,360.00,115.00,174.00,133.00,168.00,418.00,115.00,147.00,-,310.00,95.00,105.00,336.00
2.3,F,Amman,-,12.00,74.00,525.00,413.00,408.00,413.00,394.00,359.00,114.00,173.00,132.00,167.00,417.00,114.00,146.00,,310.00,94.00,105.00,335.00
2.3,F,Amman,-,11.00,75.00,525.00,414.00,409.00,414.00,395.00,360.00,115.00,174.00,133.00,168.00,418.00,115.00,147.00,-,310.00,95.00,105.00,336.00
2.4,F,Amman,-,14.50,86.30,555.00,418.00,410.00,417.00,404.00,345.00,120.00,177.00,137.00,170.00,418.00,118.00,150.00,-,320.00,90.00,99.00,332.00
2.4,F,Amman,-,14.50,86.30,555.00,418.00,410.00,417.00,404.00,345.00,120.00,177.00,137.00,170.00,418.00,118.00,150.00,-,320.00,90.00,99.00,332.00
2.5,M,Amman,-,15.60,87.00,560.00,420.00,412.00,428.00,410.00,380.00,121.00,180.00,145.00,178.00,418.00,123.00,153.00,-,328.00,95.00,105.00,336.00
2.5,M,Amman,-,14.00,88.00,610.00,455.00,465.00,435.00,415.00,360.00,121.00,190.00,150.00,195.00,420.00,132.00,160.00,-,330.00,100.00,110.00,335.00
2.5,M,Amman,-,14.50,86.00,612.00,453.00,466.00,440.00,420.00,365.00,120.00,185.00,151.00,190.00,421.00,131.00,160.00,-,327.00,97.00,109.00,335.00
2.5,M,Amman,-,14.00,88.00,610.00,455.00,465.00,435.00,415.00,360.00,121.00,190.00,150.00,195.00,420.00,132.00,160.00,-,330.00,100.00,110.00,335.00
2.6,F,Amman,-,14.00,87.90,575.00,456.00,445.00,439.00,400.00,355.00,127.00,194.00,140.00,170.00,420.00,120.00,157.00,-,360.00,110.00,117.00,332.00
2.6,F,Amman,-,14.00,87.90,575.00,456.00,445.00,439.00,400.00,355.00,127.00,194.00,140.00,170.00,420.00,120.00,157.00,-,360.00,110.00,117.00,332.00
3,M,Irbid,R,13.00,93.00,630.00,470.00,476.00,490.00,436.00,340.00,120.00,205.00,153.00,240.00,420.00,145.00,160.00,315.00,390.00,110.00,120.00,335.00
3,M,Irbid,R,13.00,93.00,630.00,470.00,476.00,490.00,436.00,340.00,120.00,205.00,153.00,240.00,420.00,145.00,160.00,315.00,390.00,110.00,120.00,335.00
3,M,Irbid,R,13.00,93.00,625.00,485.00,495.00,505.00,445.00,342.00,138.00,207.00,145.00,230.00,426.00,134.00,152.00,319.00,370.00,110.00,122.00,339.00
3,M,Irbid,-,14.00,90.00,633.00,487.00,790.00,500.00,440.00,344.00,140.00,206.00,144.00,230.00,425.00,133.00,151.00,318.00,380.00,108.00,120.00,337.00
3,M,Irbid,R,17.00,93.00,634.00,470.00,480.00,501.00,441.00,338.00,120.00,210.00,148.00,245.00,410.00,134.00,160.00,310.00,385.00,111.00,121.00,338.00
3,M,Irbid,R,17.00,93.00,634.00,470.00,480.00,501.00,441.00,338.00,120.00,210.00,148.00,245.00,410.00,134.00,160.00,310.00,385.00,111.00,121.00,338.00
3,M,Irbid,R,13.00,90.00,627.00,465.00,474.00,490.00,435.00,331.00,135.00,208.00,152.00,241.00,428.00,148.00,154.00,310.00,378.00,108.00,123.00,339.00
3,M,Irbid,R,14.00,91.00,625.00,495.00,504.00,521.00,455.00,330.00,134.00,209.00,150.00,246.00,429.00,151.00,157.00,312.00,381.00,107.00,120.00,340.00
3,M,Irbid,R,14.00,90.00,625.00,495.00,504.00,521.00,455.00,330.00,134.00,209.00,150.00,246.00,429.00,151.00,157.00,312.00,381.00,107.00,120.00,340.00
3,M,Irbid,R,12.00,94.00,630.00,495.00,503.00,520.00,450.00,332.00,133.00,201.00,151.00,240.00,430.00,154.00,154.00,316.00,390.00,110.00,121.00,341.00
3,M,Irbid,R,12.50,93.00,628.00,480.00,500.00,510.00,455.00,332.00,136.00,202.00,150.00,241.00,429.00,152.00,153.00,317.00,390.00,109.00,120.00,341.00
3,M,Irbid,R,12.50,93.00,628.00,480.00,500.00,510.00,455.00,332.00,136.00,202.00,150.00,241.00,429.00,152.00,153.00,317.00,390.00,109.00,120.00,341.00
3,M,Irbid,R,13.00,92.00,629.00,495.00,502.00,510.00,460.00,331.00,135.00,201.00,151.00,240.00,428.00,151.00,151.00,318.00,390.00,110.00,121.00,340.00
3,M,Irbid,R,11.00,94.00,628.00,480.00,493.00,510.00,460.00,341.00,131.00,200.00,153.00,241.00,427.00,134.00,152.00,319.00,395.00,110.00,122.00,340.00
3,M,Amman,-,16.00,89.10,609.00,450.00,448.00,440.00,470.00,348.00,127.00,219.00,145.00,238.00,420.00,128.00,164.00,310.00,350.00,107.00,112.00,345.00
3,M,Amman,-,14.00,90.00,612.00,465.00,470.00,475.00,465.00,345.00,130.00,210.00,146.00,240.00,422.00,130.00,160.00,315.00,365.00,105.00,110.00,340.00
3,F,Irbid,R,14.00,95.00,620.00,490.00,495.00,505.00,450.00,330.00,125.00,214.00,152.00,235.00,419.00,125.00,159.00,314.00,400.00,109.00,120.00,340.00
3,F,Irbid,R,14.00,95.00,620.00,490.00,495.00,505.00,450.00,330.00,125.00,214.00,152.00,235.00,419.00,125.00,159.00,314.00,400.00,109.00,120.00,340.00
3,F,Irbid,R,14.00,90.00,620.00,474.00,480.00,501.00,442.00,335.00,131.00,210.00,160.00,235.00,418.00,134.00,151.00,310.00,380.00,108.00,121.00,345.00
3,F,Irbid,R,14.00,94.00,625.00,470.00,481.00,498.00,440.00,337.00,127.00,210.00,153.00,248.00,427.00,145.00,161.00,309.00,375.00,109.00,122.00,337.00
3,F,Irbid,R,14.50,93.00,625.00,469.00,480.00,499.00,440.00,336.00,126.00,211.00,154.00,250.00,426.00,144.00,160.00,310.00,377.00,110.00,122.00,338.00
3,F,Irbid,R,14.50,93.00,625.00,469.00,480.00,499.00,440.00,336.00,126.00,211.00,154.00,250.00,426.00,144.00,160.00,310.00,377.00,110.00,122.00,338.00
3,F,Irbid,R,14.00,94.00,625.00,470.00,481.00,498.00,440.00,337.00,127.00,210.00,153.00,248.00,427.00,145.00,161.00,309.00,375.00,109.00,122.00,337.00
3,F,Amman,-,15.00,95.00,630.00,470.00,455.00,430.00,445.00,340.00,120.00,214.00,138.00,240.00,420.00,125.00,160.00,315.00,300.00,110.00,120.00,340.00
3,F,Amman,-,11.00,97.40,600.00,475.00,463.00,438.00,463.00,334.00,125.00,200.00,153.00,234.00,425.00,139.00,156.00,313.00,356.00,99.00,109.00,332.00
3,F,,,13.00,87.00,625.00,470.00,460.00,438.00,460.00,330.00,120.00,210.00,150.00,230.00,420.00,130.00,155.00,310.00,260.00,102.00,111.00,335.00
3.2,F,Amman,-,15.00,93.00,622.00,466.00,460.00,432.00,486.00,330.00,135.00,210.00,158.00,240.00,-,144.00,159.00,315.00,390.00,100.00,115.00,335.00
3.4,F,Amman,R,13.00,100.00,640.00,495.00,475.00,447.00,450.00,350.00,120.00,205.00,157.00,250.00,421.00,145.00,155.00,307.00,400.00,109.00,118.00,335.00
3.5,F,Amman,R,19.00,97.00,638.00,477.00,465.00,440.00,470.00,320.00,130.00,207.00,150.00,245.00,419.00,143.00,155.00,305.00,400.00,108.00,118.00,330.00
3.5,F,Amman,R,16.00,98.30,640.00,480.00,443.00,468.00,460.00,310.00,120.00,216.00,145.00,230.00,400.00,140.00,160.00,318.00,350.00,112.00,122.00,337.00
4,M,Amman,R,22.00,109.00,613.00,500.00,490.00,500.00,480.00,366.00,135.00,210.00,165.00,250.00,455.00,150.00,180.00,350.00,300.00,114.00,126.00,350.00
4,M,Irbid,R,19.00,112.00,580.00,555.00,540.00,550.00,490.00,370.00,135.00,215.00,170.00,260.00,430.00,135.00,175.00,380.00,350.00,120.00,130.00,345.00
4,M,Irbid,R,18.00,106.00,580.00,525.00,515.00,530.00,480.00,390.00,150.00,225.00,200.00,265.00,435.00,140.00,170.00,385.00,355.00,125.00,133.00,345.00
4,M,Irbid,R,22.00,110.00,585.00,530.00,510.00,525.00,475.00,375.00,160.00,210.00,190.00,280.00,420.00,145.00,180.00,385.00,345.00,110.00,120.00,360.00
4,M,Irbid,R,19.00,108.00,570.00,530.00,530.00,545.00,485.00,375.00,140.00,215.00,185.00,275.00,435.00,145.00,170.00,375.00,340.00,125.00,123.00,345.00
4,M,Irbid,R,21.00,109.00,615.00,535.00,525.00,535.00,485.00,370.00,145.00,215.00,180.00,265.00,435.00,140.00,175.00,375.00,340.00,125.00,129.00,348.00
4,M,Irbid,R,21.00,111.00,610.00,535.00,520.00,530.00,480.00,365.00,140.00,210.00,180.00,280.00,440.00,130.00,165.00,390.00,345.00,115.00,128.00,347.00
4,M,Amman,R,17.00,101.60,570.00,550.00,500.00,530.00,430.00,350.00,140.00,225.00,170.00,257.00,510.00,145.00,170.00,390.00,353.00,125.00,133.00,360.00
4,M,Amman,R,20.00,105.00,689.00,530.00,459.00,550.00,410.00,375.00,120.00,215.00,200.00,260.00,430.00,130.00,170.00,380.00,345.00,120.00,130.00,355.00
4,M,Amman,R,19.00,103.70,610.00,580.00,500.00,490.00,466.00,390.00,160.00,205.00,203.00,260.00,420.00,130.00,166.00,389.00,350.00,125.00,133.00,360.00
4,F,Irbid,R,23.00,110.00,610.00,545.00,530.00,545.00,480.00,380.00,165.00,215.00,195.00,280.00,445.00,140.00,175.00,380.00,340.00,115.00,125.00,355.00
4,F,Irbid,R,18.00,111.00,615.00,550.00,520.00,535.00,485.00,380.00,155.00,220.00,185.00,275.00,450.00,140.00,170.00,390.00,345.00,115.00,124.00,350.00
4,F,Irbid,R,19.00,105.00,610.00,530.00,515.00,525.00,470.00,385.00,135.00,220.00,180.00,270.00,445.00,145.00,165.00,375.00,350.00,115.00,124.00,350.00
4,F,Irbid,R,19.00,104.00,575.00,535.00,520.00,530.00,480.00,370.00,160.00,210.00,175.00,265.00,450.00,135.00,170.00,385.00,350.00,125.00,135.00,345.00
4,F,Amman,-,22.00,107.00,590.00,570.00,470.00,510.00,465.00,360.00,150.00,108.00,174.00,282.00,525.00,140.00,200.00,355.00,245.00,110.00,130.00,245.00
4.2,F,Amman,R,20.00,110.00,620.00,580.00,404.00,445.00,410.00,463.00,145.00,213.00,184.00,255.00,417.00,147.00,177.00,388.00,350.00,122.00,128.00,363.00
4.3,M,Amman,R,19.00,99.00,685.00,499.00,398.00,440.00,405.00,459.00,140.00,208.00,179.00,250.00,412.00,142.00,173.00,383.00,345.00,117.00,123.00,358.00
4.6,M,Amman,R,22.00,111.00,600.00,510.00,485.00,495.00,469.00,338.00,136.00,215.00,195.00,257.00,498.00,270.00,285.00,309.00,363.00,128.00,135.00,395.00
4.7,M,Amman,R,18.00,104.00,605.00,525.00,495.00,500.00,474.00,343.00,140.00,220.00,190.00,262.00,530.00,210.00,190.00,314.00,368.00,132.00,140.00,400.00
4.8,F,Amman,R,21.00,111.00,669.00,530.00,495.00,500.00,440.00,350.00,140.00,220.00,210.00,269.00,450.00,190.00,200.00,350.00,410.00,130.00,145.00,370.00
4.9,M,Amman,R,20.00,100.00,677.00,520.00,470.00,500.00,474.00,343.00,140.00,220.00,200.00,262.00,530.00,210.00,245.00,314.00,368.00,132.00,140.00,400.00
4.9,F,Amman,R,20.00,101.40,640.00,530.00,516.00,510.00,465.00,400.00,140.00,250.00,228.00,261.00,450.00,178.00,222.00,402.00,390.00,135.00,135.00,377.00
5,M,Irbid,R,23.00,117.00,600.00,520.00,510.00,585.00,470.00,370.00,135.00,220.00,230.00,290.00,455.00,170.00,190.00,390.00,375.00,130.00,142.00,385.00
5,M,Irbid,R,25.00,116.00,590.00,535.00,515.00,580.00,480.00,375.00,145.00,215.00,210.00,310.00,450.00,175.00,185.00,385.00,375.00,132.00,143.00,390.00
5,M,Irbid,R,26.00,114.00,615.00,535.00,520.00,595.00,485.00,395.00,142.00,220.00,215.00,314.00,460.00,180.00,175.00,384.00,395.00,130.00,143.00,384.00
5,M,Irbid,R,23.00,112.00,610.00,540.00,520.00,590.00,495.00,385.00,143.00,218.00,218.00,295.00,445.00,185.00,185.00,386.00,390.00,131.00,142.00,386.00
5,M,Irbid,R,25.00,114.00,615.00,530.00,515.00,590.00,485.00,400.00,145.00,225.00,218.00,300.00,455.00,190.00,190.00,390.00,390.00,132.00,144.00,384.00
5,M,Irbid,R,21.00,113.00,614.00,535.00,515.00,590.00,490.00,390.00,144.00,220.00,218.00,290.00,450.00,188.00,187.00,388.00,390.00,131.00,140.00,382.00
5,F,Irbid,R,24.00,115.00,590.00,530.00,520.00,580.00,480.00,380.00,145.00,220.00,220.00,315.00,450.00,190.00,185.00,385.00,400.00,131.00,144.00,388.00
5,F,Irbid,R,25.00,120.00,610.00,535.00,530.00,590.00,480.00,395.00,140.00,217.00,220.00,310.00,465.00,200.00,175.00,390.00,410.00,135.00,144.00,390.00
5,F,Irbid,R,25.00,114.00,610.00,520.00,515.00,590.00,475.00,395.00,142.00,218.00,230.00,317.00,460.00,175.00,190.00,385.00,390.00,133.00,143.00,375.00
5,F,Irbid,R,26.00,114.00,610.00,525.00,520.00,590.00,485.00,385.00,145.00,218.00,217.00,295.00,450.00,180.00,185.00,388.00,395.00,130.00,141.00,388.00
5,F,Irbid,R,26.00,115.00,620.00,530.00,515.00,600.00,485.00,385.00,140.00,220.00,220.00,310.00,455.00,195.00,190.00,390.00,385.00,135.00,146.00,384.00
5,F,Irbid,R,24.00,115.00,590.00,530.00,520.00,580.00,480.00,380.00,145.00,220.00,220.00,315.00,450.00,190.00,185.00,385.00,400.00,131.00,144.00,388.00
5,F,Amman,R,21.00,111.00,669.00,530.00,495.00,500.00,440.00,350.00,140.00,220.00,210.00,269.00,450.00,190.00,200.00,350.00,410.00,130.00,145.00,370.00
5,F,Amman,R,22.00,114.00,670.00,525.00,500.00,510.00,450.00,360.00,145.00,220.00,215.00,285.00,455.00,195.00,185.00,365.00,405.00,130.00,145.00,380.00
6,M,Irbid,R,30.00,117.00,650.00,590.00,550.00,565.00,530.00,420.00,150.00,270.00,225.00,300.00,520.00,180.00,210.00,370.00,410.00,130.00,140.00,375.00
6,M,Irbid,R,29.00,119.00,650.00,592.00,550.00,560.00,530.00,421.00,152.00,270.00,225.00,300.00,521.00,181.00,211.00,371.00,411.00,129.00,140.00,375.00
6,M,Irbid,R,29.00,119.00,650.00,592.00,550.00,560.00,530.00,421.00,152.00,270.00,225.00,300.00,521.00,181.00,211.00,371.00,411.00,129.00,140.00,375.00
6,M,Irbid,R,27.00,125.00,645.00,588.00,524.00,540.00,520.00,395.00,175.00,270.00,225.00,295.00,530.00,190.00,198.00,386.00,425.00,129.00,138.00,400.00
6,M,Irbid,R,30.00,118.00,645.00,587.00,525.00,540.00,515.00,400.00,170.00,275.00,230.00,275.00,533.00,185.00,205.00,384.00,433.00,129.00,140.00,395.00
6,M,Irbid,R,32.00,120.00,640.00,572.00,531.00,542.00,515.00,410.00,164.00,276.00,230.00,290.00,525.00,194.00,215.00,388.00,435.00,127.00,140.00,392.00
6,M,Irbid,R,30.00,117.00,650.00,590.00,550.00,565.00,530.00,420.00,150.00,270.00,225.00,300.00,520.00,180.00,210.00,370.00,410.00,130.00,140.00,375.00
6,M,Irbid,R,29.00,119.00,650.00,592.00,550.00,560.00,530.00,421.00,152.00,270.00,225.00,300.00,521.00,181.00,211.00,371.00,411.00,129.00,140.00,375.00
6,M,Irbid,R,27.00,125.00,645.00,588.00,524.00,540.00,520.00,395.00,175.00,270.00,225.00,295.00,530.00,190.00,198.00,386.00,425.00,129.00,138.00,400.00
6,M,Irbid,R,27.00,125.00,645.00,588.00,524.00,540.00,520.00,395.00,175.00,270.00,225.00,295.00,530.00,190.00,198.00,386.00,425.00,129.00,138.00,400.00
6,M,Irbid,R,30.00,118.00,645.00,587.00,525.00,540.00,515.00,400.00,170.00,275.00,230.00,275.00,533.00,185.00,205.00,384.00,433.00,129.00,140.00,395.00
6,M,Irbid,R,32.00,120.00,640.00,572.00,531.00,542.00,515.00,410.00,164.00,276.00,230.00,290.00,525.00,194.00,215.00,388.00,435.00,127.00,140.00,392.00
6,M,Irbid,R,30.00,123.00,633.00,572.00,528.00,540.00,515.00,410.00,160.00,271.00,225.00,285.00,530.00,188.00,204.00,395.00,430.00,127.00,140.00,392.00
6,M,Irbid,R,30.00,123.00,635.00,570.00,528.00,542.00,512.00,408.00,170.00,268.00,230.00,288.00,525.00,184.00,205.00,380.00,425.00,130.00,141.00,400.00
6,M,Irbid,R,27.00,125.00,645.00,588.00,524.00,540.00,520.00,395.00,175.00,270.00,225.00,295.00,530.00,190.00,198.00,386.00,425.00,129.00,138.00,400.00
6,M,Irbid,R,32.00,120.00,640.00,572.00,531.00,542.00,515.00,410.00,164.00,276.00,230.00,290.00,525.00,194.00,215.00,388.00,435.00,127.00,140.00,392.00
6,M,Irbid,R,30.00,122.00,640.00,580.00,530.00,450.00,520.00,410.00,170.00,276.00,230.00,293.00,530.00,194.00,200.00,388.00,435.00,130.00,138.00,395.00
6,F,Zarqa,R,24.00,112.00,630.00,560.00,500.00,500.00,480.00,380.00,140.00,270.00,220.00,270.00,540.00,160.00,212.00,380.00,360.00,130.00,138.00,339.00
6,F,Zarqa,R,30.00,117.00,640.00,590.00,520.00,520.00,450.00,360.00,180.00,280.00,220.00,300.00,500.00,160.00,216.00,330.00,440.00,123.00,136.00,350.00
6,F,Zarqa,R,27.00,125.00,650.00,570.00,500.00,520.00,490.00,390.00,150.00,250.00,230.00,284.00,560.00,170.00,190.00,430.00,443.00,124.00,128.00,400.00
6,F,Zarqa,R,28.00,125.00,630.00,580.00,520.00,520.00,490.00,380.00,150.00,300.00,210.00,277.00,570.00,201.00,220.00,390.00,430.00,120.00,130.00,450.00
6,F,Zarqa,R,25.00,112.00,610.00,510.00,470.00,480.00,450.00,360.00,170.00,260.00,200.00,268.00,540.00,170.00,193.00,440.00,434.00,110.00,121.00,400.00
6,F,Zarqa,R,30.00,112.00,610.00,570.00,500.00,520.00,470.00,390.00,180.00,240.00,200.00,294.00,550.00,170.00,203.00,380.00,460.00,140.00,149.00,390.00
6,F,Zarqa,R,31.00,124.00,680.00,600.00,550.00,550.00,510.00,400.00,140.00,260.00,230.00,293.00,550.00,190.00,210.00,340.00,400.00,130.00,145.00,380.00
6,F,Zarqa,R,27.00,116.00,610.00,570.00,520.00,510.00,460.00,360.00,140.00,280.00,210.00,275.00,520.00,160.00,200.00,342.00,450.00,122.00,130.00,366.00
6,F,Zarqa,R,30.00,124.00,620.00,590.00,530.00,530.00,470.00,370.00,170.00,230.00,200.00,287.00,510.00,140.00,220.00,400.00,410.00,140.00,149.00,369.00
6,F,Zarqa,R,31.00,123.00,630.00,570.00,510.00,520.00,460.00,380.00,180.00,250.00,200.00,301.00,510.00,180.00,210.00,391.00,430.00,130.00,140.00,375.00
6,F,Zarqa,R,27.00,120.00,650.00,600.00,570.00,580.00,470.00,390.00,150.00,230.00,220.00,278.00,550.00,150.00,190.00,391.00,400.00,121.00,130.00,370.00
6,F,Zarqa,R,25.00,110.00,600.00,530.00,490.00,500.00,400.00,360.00,140.00,250.00,219.00,205.00,530.00,160.00,193.00,342.00,370.00,122.00,120.00,380.00
6,F,Zarqa,R,24.00,115.00,630.00,550.00,490.00,500.00,460.00,360.00,140.00,250.00,230.00,263.00,500.00,196.00,170.00,344.00,360.00,112.00,121.00,350.00
6,F,Zarqa,R,30.00,120.00,590.00,560.00,500.00,510.00,440.00,370.00,120.00,300.00,200.00,283.00,522.00,170.00,180.00,350.00,410.00,113.00,119.00,360.00
6,F,Zarqa,R,28.00,123.00,570.00,540.00,510.00,520.00,440.00,370.00,140.00,310.00,200.00,303.00,524.00,173.00,210.00,370.00,421.00,130.00,175.00,390.00
6,F,Zarqa,R,27.00,117.00,600.00,550.00,480.00,490.00,420.00,350.00,160.00,270.00,220.00,288.00,520.00,190.00,201.00,343.00,390.00,121.00,130.00,375.00
6,F,Zarqa,R,28.00,125.00,610.00,560.00,500.00,520.00,450.00,390.00,140.00,260.00,230.00,247.00,530.00,170.00,189.00,330.00,360.00,119.00,129.00,396.00
6,F,Irbid,R,26.00,121.00,640.00,585.00,523.00,540.00,515.00,395.00,155.00,275.00,230.00,285.00,525.00,185.00,195.00,385.00,440.00,128.00,138.00,389.00
6,F,Irbid,R,31.00,120.00,640.00,570.00,530.00,540.00,515.00,410.00,165.00,270.00,225.00,280.00,540.00,185.00,207.00,386.00,425.00,131.00,141.00,390.00
6,F,Irbid,R,29.00,122.00,642.00,575.00,525.00,542.00,510.00,405.00,166.00,275.00,230.00,285.00,520.00,188.00,208.00,388.00,426.00,135.00,145.00,385.00
6,F,Irbid,R,25.00,123.00,643.00,570.00,525.00,540.00,510.00,406.00,165.00,274.00,225.00,288.00,525.00,195.00,210.00,380.00,430.00,132.00,144.00,390.00
7,M,Irbid,R,28.00,130.00,635.00,574.00,528.00,542.00,520.00,510.00,145.00,290.00,220.00,268.00,525.00,195.00,210.00,365.00,431.00,140.00,150.00,388.00
7,M,Irbid,R,29.00,125.00,630.00,571.00,490.00,530.00,480.00,475.00,158.00,285.00,231.00,288.00,530.00,200.00,210.00,366.00,430.00,132.00,141.00,386.00
7,M,Irbid,R,31.00,131.00,622.00,566.00,490.00,528.00,480.00,475.00,157.00,280.00,225.00,290.00,530.00,190.00,210.00,385.00,436.00,130.00,141.00,370.00
7,M,Irbid,R,31.00,131.00,622.00,566.00,490.00,528.00,480.00,475.00,157.00,280.00,225.00,290.00,530.00,190.00,210.00,385.00,436.00,130.00,141.00,370.00
7,M,Irbid,R,32.00,132.00,624.00,568.00,520.00,545.00,510.00,502.00,155.00,281.00,228.00,285.00,525.00,194.00,215.00,385.00,440.00,138.00,150.00,375.00
7,M,Irbid,R,31.00,126.00,630.00,574.00,531.00,550.00,515.00,504.00,161.00,275.00,220.00,285.00,528.00,192.00,211.00,390.00,436.00,137.00,149.00,380.00
7,M,Irbid,R,34.00,127.00,635.00,570.00,530.00,550.00,515.00,504.00,158.00,280.00,228.00,280.00,528.00,189.00,216.00,384.00,430.00,130.00,141.00,395.00
7,M,Amman,R,25.00,119.00,620.00,570.00,470.00,510.00,465.00,390.00,150.00,200.00,200.00,282.50,525.00,140.00,200.00,355.00,345.00,110.00,130.00,345.00
7,M,Irbid,R,28.00,130.00,635.00,574.00,528.00,542.00,520.00,510.00,145.00,290.00,220.00,268.00,525.00,195.00,210.00,365.00,431.00,140.00,150.00,388.00
7,M,Irbid,R,32.00,132.00,624.00,568.00,520.00,545.00,510.00,502.00,155.00,281.00,228.00,285.00,525.00,194.00,215.00,385.00,440.00,138.00,150.00,375.00
7,M,Irbid,R,30.00,131.00,628.00,570.00,522.00,544.00,515.00,500.00,156.00,285.00,228.00,270.00,528.00,193.00,213.00,388.00,440.00,140.00,145.00,375.00
7,M,Irbid,R,28.00,130.00,635.00,574.00,528.00,542.00,520.00,510.00,145.00,290.00,220.00,268.00,525.00,195.00,210.00,365.00,431.00,140.00,150.00,388.00
7,M,Amman,R,25.00,119.00,620.00,570.00,470.00,510.00,465.00,390.00,150.00,200.00,200.00,282.50,525.00,140.00,200.00,355.00,345.00,110.00,130.00,345.00
7,M,Irbid,R,28.00,130.00,635.00,574.00,528.00,542.00,520.00,510.00,145.00,290.00,220.00,268.00,525.00,195.00,210.00,365.00,431.00,140.00,150.00,388.00
7,M,Irbid,R,32.00,132.00,624.00,568.00,520.00,545.00,510.00,502.00,155.00,281.00,228.00,285.00,525.00,194.00,215.00,385.00,440.00,138.00,150.00,375.00
7,M,Irbid,R,32.00,132.00,624.00,568.00,520.00,545.00,510.00,502.00,155.00,281.00,228.00,285.00,525.00,194.00,215.00,385.00,440.00,138.00,150.00,375.00
7,M,Irbid,R,30.00,131.00,628.00,570.00,522.00,544.00,515.00,500.00,156.00,285.00,228.00,270.00,528.00,193.00,213.00,388.00,440.00,140.00,145.00,375.00
7,M,Irbid,R,28.00,130.00,635.00,574.00,528.00,542.00,520.00,510.00,145.00,290.00,220.00,268.00,525.00,195.00,210.00,365.00,431.00,140.00,150.00,388.00
7,F,Irbid,R,31.00,128.00,625.00,570.00,520.00,550.00,515.00,500.00,155.00,280.00,220.00,280.00,490.00,190.00,200.00,390.00,425.00,138.00,148.00,380.00
7,F,Irbid,R,32.00,126.00,633.00,570.00,485.00,532.00,475.00,470.00,160.00,283.00,230.00,290.00,535.00,195.00,220.00,380.00,428.00,136.00,146.00,375.00
7,F,Irbid,R,29.00,125.00,638.00,572.00,525.00,550.00,515.00,505.00,160.00,285.00,227.00,288.00,520.00,190.00,210.00,385.00,432.00,131.00,142.00,385.00
7,F,Irbid,R,28.00,125.00,630.00,571.00,528.00,554.00,520.00,510.00,158.00,277.00,230.00,290.00,518.00,191.00,210.00,380.00,430.00,130.00,142.00,385.00
7,F,Zarqa,L,27.00,116.00,690.00,560.00,510.00,530.00,490.00,500.00,130.00,260.00,200.00,250.40,510.00,150.00,200.00,360.00,300.00,120.00,130.00,370.00
7,F,Zarqa,R,28.00,114.00,620.00,570.00,490.00,500.00,410.00,350.00,140.00,280.00,220.00,260.10,512.00,180.00,290.00,390.00,310.00,121.00,135.00,360.00
7,F,Zarqa,R,30.00,128.00,640.00,580.00,520.00,540.00,450.00,420.00,140.00,290.00,221.00,230.20,480.00,150.00,230.00,410.00,320.00,142.00,150.00,420.00
7,F,Zarqa,R,31.00,128.00,600.00,570.00,520.00,530.00,470.00,380.00,250.00,283.00,220.00,250.60,610.00,162.00,210.00,380.00,350.00,146.00,150.00,424.00
7,F,Zarqa,L,25.00,128.00,750.00,600.00,540.00,550.00,420.00,390.00,240.00,281.00,210.00,250.70,630.00,180.00,190.00,320.00,310.00,140.00,180.00,400.00
7,F,Zarqa,R,31.00,128.00,680.00,610.00,530.00,550.00,470.00,390.00,150.00,300.00,200.00,280.60,570.00,170.00,200.00,370.00,330.00,120.00,130.00,424.00
7,F,Zarqa,R,28.00,128.00,630.00,580.00,520.00,530.00,460.00,380.00,130.00,260.00,200.00,290.20,574.00,173.00,200.00,400.00,320.00,140.00,151.00,401.00
7,F,Zarqa,R,25.00,128.00,580.00,540.00,460.00,480.00,490.00,340.00,130.00,230.00,210.00,260.00,510.00,130.00,170.00,350.00,290.00,120.00,133.00,340.00
7,F,Zarqa,R,27.00,128.00,660.00,600.00,560.00,570.00,520.00,410.00,136.00,320.00,212.00,270.80,580.00,190.00,170.00,350.00,330.00,130.00,144.00,390.00
7,F,Zarqa,L,28.00,128.00,600.00,580.00,520.00,530.00,470.00,400.00,110.00,270.00,200.00,270.70,560.00,162.00,200.00,360.00,330.00,133.00,141.00,380.00
8,M,Amman,R,26.00,121.00,640.00,580.00,490.00,520.00,470.00,420.00,145.00,200.00,290.00,285.00,530.00,150.00,210.00,370.00,320.00,120.00,135.00,450.00
8,M,Amman,R,25.00,120.00,650.00,600.00,500.00,530.00,480.00,430.00,150.00,210.00,280.00,300.00,530.00,150.00,210.00,360.00,300.00,120.00,135.00,455.00
8,M,Amman,R,26.00,121.00,640.00,580.00,490.00,520.00,470.00,420.00,145.00,200.00,290.00,285.00,530.00,150.00,210.00,370.00,320.00,120.00,135.00,450.00
8,M,Amman,R,25.00,120.00,650.00,600.00,500.00,530.00,480.00,430.00,150.00,210.00,280.00,300.00,530.00,150.00,210.00,360.00,300.00,120.00,135.00,455.00
8,M,Amman,R,25.00,120.00,650.00,600.00,500.00,530.00,480.00,430.00,150.00,210.00,280.00,300.00,530.00,150.00,210.00,360.00,300.00,120.00,135.00,455.00
8,M,Amman,R,26.00,118.00,701.00,625.00,566.00,595.00,526.00,444.00,145.00,240.00,230.00,301.00,528.00,150.00,215.00,341.00,300.00,132.00,156.00,414.00
8,M,Irbid,R,33.00,133.00,680.00,630.00,570.00,595.00,540.00,480.00,190.00,255.00,230.00,285.00,590.00,195.00,220.00,410.00,420.00,140.00,152.00,410.00
8,M,Amman,R,26.00,118.00,701.00,625.00,566.00,595.00,526.00,444.00,145.00,240.00,230.00,301.00,528.00,150.00,215.00,341.00,300.00,132.00,156.00,414.00
8,M,Amman,R,25.00,117.00,700.00,624.00,565.00,590.00,525.00,442.00,144.00,239.00,230.00,301.00,528.00,148.00,214.00,340.00,300.00,131.00,155.00,412.00
8,M,Irbid,R,33.00,133.00,680.00,630.00,570.00,595.00,540.00,480.00,190.00,255.00,230.00,285.00,590.00,195.00,220.00,410.00,420.00,140.00,152.00,410.00
8,M,Irbid,R,34.00,132.00,700.00,640.00,585.00,605.00,520.00,490.00,180.00,270.00,231.00,310.00,600.00,195.00,200.00,405.00,430.00,150.00,161.00,420.00
8,M,Amman,R,26.00,121.00,640.00,580.00,490.00,520.00,470.00,420.00,145.00,200.00,290.00,285.00,530.00,150.00,210.00,370.00,320.00,120.00,135.00,450.00
8,M,Amman,R,25.00,120.00,650.00,600.00,500.00,530.00,480.00,430.00,150.00,210.00,280.00,300.00,530.00,150.00,210.00,360.00,300.00,120.00,135.00,455.00
8,M,Amman,R,26.00,118.00,701.00,625.00,566.00,595.00,526.00,444.00,145.00,240.00,230.00,301.00,528.00,150.00,215.00,341.00,300.00,132.00,156.00,414.00
8,M,Irbid,R,33.00,133.00,680.00,630.00,570.00,595.00,540.00,480.00,190.00,255.00,230.00,285.00,590.00,195.00,220.00,410.00,420.00,140.00,152.00,410.00
8,M,Irbid,R,34.00,132.00,700.00,640.00,585.00,605.00,520.00,490.00,180.00,270.00,231.00,310.00,600.00,195.00,200.00,405.00,430.00,150.00,161.00,420.00
8,M,Irbid,R,34.00,130.00,695.00,630.00,580.00,600.00,545.00,495.00,185.00,275.00,236.00,310.00,615.00,190.00,204.00,415.00,430.00,142.00,153.00,405.00
8,M,Irbid,R,36.00,135.00,680.00,640.00,591.00,611.00,545.00,485.00,180.00,280.00,240.00,305.00,605.00,190.00,210.00,410.00,425.00,145.00,155.00,408.00
8,M,Irbid,R,36.00,135.00,680.00,640.00,591.00,611.00,545.00,485.00,180.00,280.00,240.00,305.00,605.00,190.00,210.00,410.00,425.00,145.00,155.00,408.00
8,M,Irbid,R,34.00,134.00,690.00,638.00,588.00,612.00,545.00,488.00,190.00,284.00,241.00,310.00,590.00,205.00,215.00,406.00,415.00,144.00,160.00,408.00
8,M,Irbid,R,33.00,130.00,690.00,633.00,580.00,600.00,540.00,495.00,183.00,270.00,235.00,302.00,605.00,203.00,210.00,415.00,430.00,142.00,153.00,410.00
8,M,Amman,R,26.00,121.00,640.00,580.00,490.00,520.00,470.00,420.00,145.00,200.00,290.00,285.00,530.00,150.00,210.00,370.00,320.00,120.00,135.00,450.00
8,M,Irbid,R,34.00,130.00,695.00,630.00,580.00,600.00,545.00,495.00,185.00,275.00,236.00,310.00,615.00,190.00,204.00,415.00,430.00,142.00,153.00,405.00
8,M,Irbid,R,28.00,128.00,670.00,640.00,580.00,590.00,490.00,420.00,160.00,230.00,245.00,290.00,610.00,175.00,205.00,388.00,335.00,130.00,140.00,430.00
8,F,Zarqa,L,30.00,130.00,710.00,620.00,570.00,580.00,550.00,450.00,170.00,300.00,240.00,300.00,660.00,180.00,210.00,340.00,410.00,150.00,160.00,440.00
8,F,Zarqa,R,33.00,133.00,680.00,640.00,571.00,592.00,540.00,440.00,190.00,230.00,230.00,301.00,630.00,190.00,220.00,470.00,450.00,140.00,150.00,460.00
8,F,Zarqa,R,34.00,132.00,710.00,630.00,580.00,600.00,520.00,453.00,120.00,301.00,230.00,280.70,590.00,190.00,200.00,410.00,360.00,140.00,151.00,410.00
8,F,Zarqa,R,29.00,129.00,650.00,560.00,590.00,540.00,480.00,420.00,190.00,250.00,200.00,270.50,600.00,171.00,220.00,410.00,340.00,150.00,160.00,390.00
8,F,Zarqa,L,35.00,135.00,790.00,630.00,573.00,600.00,530.00,450.00,180.00,300.00,260.00,320.00,660.00,200.00,210.00,450.00,430.00,141.00,151.00,410.00
8,F,Zarqa,R,33.00,134.00,670.00,590.00,560.00,590.00,490.00,441.00,140.00,270.00,250.00,280.70,640.00,200.00,280.00,350.00,380.00,142.00,152.00,400.00
8,F,Zarqa,R,30.00,130.00,681.00,620.00,600.00,620.00,560.00,480.00,181.00,350.00,240.00,320.00,650.00,208.00,270.00,400.00,420.00,133.00,141.00,410.00
8,F,Zarqa,L,30.00,134.00,720.00,643.00,590.00,560.00,500.00,490.00,160.00,260.00,290.00,321.00,680.00,221.00,220.00,450.00,410.00,152.00,160.00,422.00
8,F,Zarqa,L,28.00,135.00,685.00,643.00,620.00,600.00,520.00,450.00,140.00,280.00,230.00,290.50,630.00,205.00,200.00,430.00,320.00,155.00,170.00,431.00
8,F,Zarqa,R,36.00,127.00,672.00,580.00,540.00,560.00,500.00,430.00,161.00,280.00,240.00,270.30,570.00,200.00,200.00,370.00,380.00,143.00,152.00,370.00
8,F,Zarqa,R,33.00,129.00,660.00,580.00,530.00,550.00,460.00,380.00,140.00,261.00,200.00,290.00,500.00,150.00,210.00,360.00,320.00,140.00,150.00,370.50
8,F,Zarqa,L,30.00,131.00,590.00,540.00,510.00,530.00,440.00,381.00,144.00,260.00,210.00,320.00,510.00,150.00,210.50,361.00,340.00,141.00,155.00,400.00
8,F,Zarqa,R,36.00,133.00,650.00,570.00,530.00,550.00,450.00,400.00,145.00,280.00,220.00,280.20,490.00,170.00,230.00,380.00,320.00,130.00,152.00,430.00
8,F,Zarqa,R,35.00,140.00,740.00,650.00,610.00,630.00,490.00,440.00,180.00,230.00,270.00,330.00,640.00,190.00,230.00,370.00,360.00,150.00,160.00,460.00
8,F,Zarqa,R,36.00,136.00,740.00,660.00,570.00,620.00,510.00,450.00,200.00,330.00,230.00,350.00,600.00,180.00,230.00,440.00,430.00,151.00,161.00,490.00
8,F,Zarqa,L,30.00,128.00,750.00,650.00,600.00,620.00,590.00,480.00,180.00,280.00,250.00,340.00,620.00,200.00,240.00,440.00,360.00,152.00,170.00,440.00
8,F,Zarqa,R,39.00,149.00,680.00,600.00,580.00,590.00,550.00,470.00,180.00,360.00,260.00,350.00,560.00,210.00,290.00,490.00,410.00,162.00,171.00,480.00
8,F,Irbid,R,35.00,135.00,690.00,640.00,590.00,610.00,540.00,495.00,185.00,310.00,238.00,320.00,610.00,192.00,206.00,410.00,450.00,141.00,152.00,410.00
8,F,Irbid,R,35.00,134.00,684.00,635.00,590.00,610.00,550.00,490.00,184.00,285.00,244.00,304.00,585.00,203.00,215.00,406.00,410.00,150.00,162.00,410.00
8,F,Irbid,R,32.00,133.00,694.00,634.00,584.00,604.00,542.00,490.00,178.00,275.00,238.00,305.00,610.00,201.00,206.00,410.00,440.00,140.00,152.00,412.00
8,F,Irbid,R,33.00,136.00,690.00,634.00,584.00,605.00,545.00,485.00,181.00,271.00,230.00,310.00,605.00,201.00,210.00,406.00,435.00,148.00,160.00,411.00
9,M,Irbid,R,35.00,135.00,730.00,650.00,600.00,620.00,510.00,489.00,178.00,290.00,240.00,294.00,640.00,210.00,213.00,440.00,460.00,138.00,148.00,420.00
9,M,Irbid,R,34.00,136.00,760.00,655.00,605.00,621.00,495.00,500.00,200.00,300.00,245.00,310.00,630.00,189.00,210.00,420.00,450.00,150.00,161.00,430.00
9,M,Irbid,R,33.00,135.00,759.00,654.00,604.00,620.00,490.00,495.00,199.00,299.00,244.00,308.00,629.00,188.00,209.00,419.00,449.00,149.00,160.00,429.00
9,M,Irbid,R,33.00,138.00,780.00,652.00,591.00,611.00,522.00,488.00,187.00,285.00,245.00,305.00,633.00,205.00,210.00,430.00,455.00,140.00,154.00,432.00
9,M,Irbid,R,35.00,137.00,690.00,653.00,593.00,613.00,530.00,489.00,185.00,295.00,248.00,297.00,641.00,206.00,211.00,405.00,460.00,145.00,153.00,431.00
9,M,Irbid,R,32.00,130.00,730.00,645.00,592.00,606.00,525.00,475.00,188.00,296.00,243.00,288.00,638.00,208.00,216.00,408.00,448.00,148.00,159.00,421.00
9,M,Irbid,R,33.00,136.00,735.00,655.00,600.00,613.00,526.00,496.00,185.00,285.00,244.00,304.00,625.00,210.00,210.00,416.00,441.00,146.00,157.00,420.00
9,M,Zarqa,R,35.00,135.00,730.00,660.00,580.00,590.00,520.00,400.00,200.00,237.00,300.00,294.00,550.00,210.00,250.00,440.00,410.00,115.00,170.00,450.00
9,M,Irbid,R,34.00,136.00,760.00,655.00,605.00,621.00,495.00,500.00,200.00,300.00,245.00,310.00,630.00,189.00,210.00,420.00,450.00,150.00,161.00,430.00
9,M,Irbid,R,33.00,138.00,780.00,652.00,591.00,611.00,522.00,488.00,187.00,285.00,245.00,305.00,633.00,205.00,210.00,430.00,455.00,140.00,154.00,432.00
9,M,Irbid,R,35.00,137.00,690.00,653.00,593.00,613.00,530.00,489.00,185.00,295.00,248.00,297.00,641.00,206.00,211.00,405.00,460.00,145.00,153.00,431.00
9,M,Irbid,R,32.00,130.00,730.00,645.00,592.00,606.00,525.00,475.00,188.00,296.00,243.00,288.00,638.00,208.00,216.00,408.00,448.00,148.00,159.00,421.00
9,M,Irbid,R,33.00,136.00,735.00,655.00,600.00,613.00,526.00,496.00,185.00,285.00,244.00,304.00,625.00,210.00,210.00,416.00,441.00,146.00,157.00,420.00
9,M,Zarqa,R,35.00,135.00,730.00,660.00,580.00,590.00,520.00,400.00,200.00,237.00,300.00,294.00,550.00,210.00,250.00,440.00,410.00,115.00,170.00,450.00
9,M,Irbid,R,34.00,136.00,760.00,655.00,605.00,621.00,495.00,500.00,200.00,300.00,245.00,310.00,630.00,189.00,210.00,420.00,450.00,150.00,161.00,430.00
9,M,Irbid,R,33.00,138.00,780.00,652.00,591.00,611.00,522.00,488.00,187.00,285.00,245.00,305.00,633.00,205.00,210.00,430.00,455.00,140.00,154.00,432.00
9,M,Irbid,R,32.00,130.00,730.00,645.00,592.00,606.00,525.00,475.00,188.00,296.00,243.00,288.00,638.00,208.00,216.00,408.00,448.00,148.00,159.00,421.00
9,M,Irbid,R,32.00,130.00,730.00,645.00,592.00,606.00,525.00,475.00,188.00,296.00,243.00,288.00,638.00,208.00,216.00,408.00,448.00,148.00,159.00,421.00
9,M,Irbid,R,33.00,136.00,735.00,655.00,600.00,613.00,526.00,496.00,185.00,285.00,244.00,304.00,625.00,210.00,210.00,416.00,441.00,146.00,157.00,420.00
9,M,Zarqa,R,35.00,135.00,730.00,660.00,580.00,590.00,520.00,400.00,200.00,237.00,300.00,294.00,550.00,210.00,250.00,440.00,410.00,115.00,170.00,450.00
9,M,Irbid,R,34.00,136.00,760.00,655.00,605.00,621.00,495.00,500.00,200.00,300.00,245.00,310.00,630.00,189.00,210.00,420.00,450.00,150.00,161.00,430.00
9,M,Irbid,R,33.00,138.00,780.00,652.00,591.00,611.00,522.00,488.00,187.00,285.00,245.00,305.00,633.00,205.00,210.00,430.00,455.00,140.00,154.00,432.00
9,M,Irbid,R,33.00,136.00,770.00,660.00,600.00,600.00,520.00,490.00,190.00,240.00,240.00,310.00,632.00,195.00,210.00,416.00,441.00,125.00,160.00,432.00
9,F,Irbid,R,33.00,135.00,780.00,645.00,585.00,610.00,521.00,487.00,210.00,295.00,254.00,310.00,625.00,190.00,218.00,426.00,445.00,148.00,160.00,432.00
9,F,Irbid,R,35.00,132.00,685.00,655.00,588.00,610.00,526.00,492.00,196.00,297.00,244.00,290.00,633.00,207.00,215.00,406.00,448.00,144.00,154.00,428.00
9,F,Irbid,R,34.00,131.00,725.00,657.00,594.00,605.00,524.00,477.00,178.00,301.00,243.00,290.00,632.00,195.00,213.00,410.00,447.00,146.00,158.00,418.00
9,F,Irbid,R,31.00,134.00,728.00,655.00,595.00,604.00,525.00,502.00,187.00,306.00,247.00,305.00,628.00,197.00,218.00,414.00,438.00,144.00,157.00,419.00
9,F,Zarqa,R,30.00,132.00,650.00,560.00,530.00,540.00,510.00,420.00,170.00,240.00,230.00,288.00,620.00,170.00,213.00,360.00,450.00,128.00,150.00,430.00
9,F,Zarqa,R,35.00,130.00,680.00,610.00,580.00,590.00,500.00,420.00,210.00,330.00,240.00,300.00,640.00,203.00,211.00,480.00,460.00,136.00,149.00,420.00
9,F,Zarqa,R,33.00,135.00,690.00,620.00,580.00,600.00,540.00,440.00,170.00,290.00,220.00,301.00,630.00,190.00,210.00,450.00,460.00,128.00,140.00,450.00
9,F,Zarqa,R,30.00,138.00,710.00,650.00,600.00,630.00,530.00,450.00,150.00,250.00,230.00,284.00,660.00,200.00,290.00,460.00,480.00,138.00,150.00,440.00
9,F,Zarqa,R,32.00,133.00,730.00,630.00,580.00,560.00,510.00,430.00,170.00,300.00,220.00,297.00,620.00,280.00,224.00,410.00,450.00,129.00,140.00,450.00
9,F,Zarqa,R,32.00,133.00,670.00,630.00,540.00,570.00,480.00,410.00,130.00,280.00,240.00,280.00,540.00,190.00,210.00,330.00,310.00,130.00,140.00,432.00
9,F,Zarqa,R,30.00,135.00,680.00,600.00,560.00,580.00,485.00,423.00,150.00,250.00,230.00,260.00,590.00,191.00,220.00,360.00,390.00,150.00,160.00,435.00
9,F,Amman,R,34.00,135.00,745.00,672.00,590.00,620.00,561.00,464.00,200.00,290.00,228.00,310.00,535.00,169.00,225.00,358.00,315.00,146.00,163.00,476.00
9,F,Amman,R,28.00,128.00,720.00,620.00,590.00,550.00,480.00,400.00,105.00,210.00,245.00,280.00,600.00,200.00,250.00,345.00,360.00,120.00,140.00,520.00
9,F,Zarqa,R,35.00,135.00,630.00,600.00,560.00,580.00,500.00,420.00,180.00,310.00,220.00,330.00,600.00,170.00,210.00,360.00,350.00,140.00,150.00,440.00
9,F,Zarqa,R,30.00,134.00,650.00,580.00,570.00,560.00,470.00,420.00,130.00,270.00,200.00,270.00,610.00,170.00,220.00,410.00,360.00,150.00,160.00,420.00
9,F,Zarqa,R,37.00,137.00,730.00,630.00,610.00,620.00,520.00,450.00,150.00,230.00,220.00,320.00,580.00,190.00,230.00,420.00,370.00,150.00,166.00,470.00
9,F,Zarqa,L,35.00,133.00,600.00,630.00,590.00,610.00,490.00,420.00,150.00,300.00,230.00,280.50,650.00,210.00,220.00,390.00,370.00,130.00,155.00,470.00
9,F,Zarqa,R,37.00,137.00,720.00,650.00,600.00,610.00,540.00,460.00,180.00,300.00,280.00,330.00,660.00,220.00,220.00,350.00,360.00,140.00,153.00,471.00
9,F,Zarqa,L,35.50,140.00,740.00,650.00,600.00,610.00,490.00,440.00,180.00,230.00,270.00,330.00,640.00,190.00,230.00,370.00,360.00,155.00,162.00,460.00
9,F,Zarqa,L,38.00,136.00,740.00,660.00,600.00,620.00,510.00,450.00,200.00,330.00,230.00,350.00,600.00,180.00,230.00,440.00,340.00,156.00,170.00,440.00
9,F,Zarqa,L,30.00,141.00,750.00,660.00,620.00,640.00,540.00,480.00,180.00,280.00,250.00,340.00,620.00,200.00,240.00,440.00,361.00,153.00,156.00,440.00
9,F,Zarqa,R,40.00,140.00,670.00,620.00,580.00,590.00,510.00,440.00,190.00,290.00,280.00,320.00,500.00,199.00,210.00,420.00,330.00,153.00,162.00,400.00
9,F,Zarqa,R,39.00,137.00,780.00,650.00,600.00,610.00,530.00,460.00,160.00,310.00,240.00,330.00,580.00,210.00,230.00,450.00,390.00,160.00,171.00,430.00
9,F,Zarqa,R,45.00,149.00,780.00,682.00,650.00,660.00,560.00,500.00,200.00,360.00,300.00,360.00,590.00,210.00,260.00,500.00,430.00,170.00,180.00,520.00
9,F,Zarqa,R,29.00,127.00,650.00,590.00,530.00,500.00,450.00,370.00,140.00,250.00,270.00,291.00,580.00,140.00,203.00,350.00,410.00,130.00,135.00,400.00
9,F,Zarqa,R,33.00,137.00,670.00,610.00,530.00,540.00,500.00,430.00,140.00,300.00,200.00,264.00,630.00,150.00,220.00,410.00,440.00,131.00,136.00,440.00
